review_text,sentiment
The digital permits made entering very smooth and quick,Positive
Volunteers were extremely welcoming and helpful at the station,Positive
Guidance signs were clear and multilingual across the path,Positive
Clean facilities and well-organized shuttle service,Positive
Automated smart gates worked efficiently without delays,Positive
Long waiting times and heavy bottleneck at gate 4,Negative
Buses were delayed and crowd dispatching was uncoordinated,Negative
Lack of clear signs caused severe confusion near luggage area,Negative
Extreme crowding at water stations with no clear queue lanes,Negative
Slow luggage handling and unhelpful counter staff,Negative
